{
  "总识别次数": 16470,
  "成功识别次数": 16446,
  "低确定度次数": 24,
  "各题型识别次数": {
    "未知(极低确定度)": 406,
    "单选题": 13120,
    "简答题": 728,
    "多选题": 20,
    "判断题": 2196
  },
  "平均确定度": 79.06102003642978,
  "识别耗时": [
    8.20159912109375e-05,
    2.956390380859375e-05,
    2.5510787963867188e-05,
    2.8133392333984375e-05,
    3.4332275390625e-05,
    3.4332275390625e-05,
    2.5510787963867188e-05,
    3.504753112792969e-05,
    3.123283386230469e-05,
    3.361701965332031e-05,
    0.00010275840759277344,
    4.9114227294921875e-05,
    3.552436828613281e-05,
    3.337860107421875e-05,
    2.4080276489257812e-05,
    2.1696090698242188e-05,
    2.3126602172851562e-05,
    2.193450927734375e-05,
    2.384185791015625e-05,
    2.8371810913085938e-05,
    0.00011134147644042969,
    6.532669067382812e-05,
    4.315376281738281e-05,
    3.24249267578125e-05,
    2.4557113647460938e-05,
    4.410743713378906e-05,
    2.9087066650390625e-05,
    3.123283386230469e-05,
    2.4557113647460938e-05,
    2.3126602172851562e-05,
    9.274482727050781e-05,
    3.218650817871094e-05,
    3.9577484130859375e-05,
    2.5510787963867188e-05,
    2.5510787963867188e-05,
    2.574920654296875e-05,
    3.886222839355469e-05,
    4.172325134277344e-05,
    3.314018249511719e-05,
    5.173683166503906e-05,
    0.0001392364501953125,
    9.608268737792969e-05,
    4.553794860839844e-05,
    6.246566772460938e-05,
    7.772445678710938e-05,
    6.604194641113281e-05,
    7.534027099609375e-05,
    3.314018249511719e-05,
    3.695487976074219e-05,
    5.245208740234375e-05,
    8.082389831542969e-05,
    5.650520324707031e-05,
    3.719329833984375e-05,
    3.3855438232421875e-05,
    4.363059997558594e-05,
    4.839897155761719e-05,
    4.935264587402344e-05,
    5.745887756347656e-05,
    7.200241088867188e-05,
    4.00543212890625e-05,
    9.822845458984375e-05,
    3.647804260253906e-05,
    4.00543212890625e-05,
    3.647804260253906e-05,
    3.528594970703125e-05,
    2.5272369384765625e-05,
    2.5272369384765625e-05,
    2.6941299438476562e-05,
    4.315376281738281e-05,
    2.6226043701171875e-05,
    6.771087646484375e-05,
    4.7206878662109375e-05,
    2.9325485229492188e-05,
    2.3603439331054688e-05,
    2.47955322265625e-05,
    2.1219253540039062e-05,
    3.3855438232421875e-05,
    2.47955322265625e-05,
    3.075599670410156e-05,
    4.38690185546875e-05,
    0.00011992454528808594,
    0.00010323524475097656,
    5.245208740234375e-05,
    6.222724914550781e-05,
    3.838539123535156e-05,
    4.38690185546875e-05,
    5.125999450683594e-05,
    4.76837158203125e-05,
    0.00013566017150878906,
    5.650520324707031e-05,
    0.00010013580322265625,
    0.0001354217529296875,
    4.744529724121094e-05,
    2.9087066650390625e-05,
    2.3126602172851562e-05,
    2.1696090698242188e-05,
    4.5299530029296875e-05,
    3.3855438232421875e-05,
    2.574920654296875e-05,
    2.5033950805664062e-05
  ]
}