{
  "总识别次数": 10940,
  "成功识别次数": 10940,
  "低确定度次数": 0,
  "各题型识别次数": {
    "未知(极低确定度)": 94,
    "单选题": 10830,
    "简答题": 16
  },
  "平均确定度": 81.0242230347346,
  "识别耗时": [
    3.504753112792969e-05,
    3.147125244140625e-05,
    2.86102294921875e-05,
    2.4557113647460938e-05,
    2.1457672119140625e-05,
    2.7418136596679688e-05,
    2.5033950805664062e-05,
    2.09808349609375e-05,
    2.0265579223632812e-05,
    1.9311904907226562e-05,
    5.7697296142578125e-05,
    2.7418136596679688e-05,
    3.9577484130859375e-05,
    4.982948303222656e-05,
    3.170967102050781e-05,
    3.552436828613281e-05,
    2.7418136596679688e-05,
    2.1219253540039062e-05,
    2.09808349609375e-05,
    2.2411346435546875e-05,
    5.2928924560546875e-05,
    2.956390380859375e-05,
    2.8848648071289062e-05,
    2.4318695068359375e-05,
    2.5987625122070312e-05,
    2.3365020751953125e-05,
    2.6226043701171875e-05,
    2.1457672119140625e-05,
    2.2172927856445312e-05,
    2.4080276489257812e-05,
    3.5762786865234375e-05,
    4.863739013671875e-05,
    2.9087066650390625e-05,
    2.7418136596679688e-05,
    3.838539123535156e-05,
    3.218650817871094e-05,
    5.173683166503906e-05,
    2.4318695068359375e-05,
    2.6702880859375e-05,
    3.743171691894531e-05,
    4.267692565917969e-05,
    4.2438507080078125e-05,
    3.4809112548828125e-05,
    4.076957702636719e-05,
    2.9325485229492188e-05,
    2.8371810913085938e-05,
    2.7179718017578125e-05,
    2.7894973754882812e-05,
    2.4318695068359375e-05,
    2.6464462280273438e-05,
    4.38690185546875e-05,
    3.552436828613281e-05,
    2.7179718017578125e-05,
    2.47955322265625e-05,
    2.47955322265625e-05,
    2.4080276489257812e-05,
    2.4557113647460938e-05,
    2.1457672119140625e-05,
    2.384185791015625e-05,
    2.2172927856445312e-05,
    0.0007240772247314453,
    3.218650817871094e-05,
    2.7179718017578125e-05,
    2.5272369384765625e-05,
    2.47955322265625e-05,
    2.5033950805664062e-05,
    2.4557113647460938e-05,
    2.6464462280273438e-05,
    2.9087066650390625e-05,
    2.5033950805664062e-05,
    0.0009899139404296875,
    3.8623809814453125e-05,
    3.0994415283203125e-05,
    2.86102294921875e-05,
    2.956390380859375e-05,
    3.504753112792969e-05,
    4.1961669921875e-05,
    4.792213439941406e-05,
    4.982948303222656e-05,
    4.315376281738281e-05,
    0.0008068084716796875,
    3.314018249511719e-05,
    2.86102294921875e-05,
    2.5272369384765625e-05,
    2.5033950805664062e-05,
    2.5510787963867188e-05,
    2.47955322265625e-05,
    2.6702880859375e-05,
    2.6464462280273438e-05,
    2.5033950805664062e-05,
    0.0007350444793701172,
    3.24249267578125e-05,
    2.8133392333984375e-05,
    2.5987625122070312e-05,
    2.5272369384765625e-05,
    2.5510787963867188e-05,
    2.5510787963867188e-05,
    2.6464462280273438e-05,
    4.1484832763671875e-05,
    4.172325134277344e-05
  ]
}